{
    "registeredNumbers": [
        {
            "1234567890": {
                "phoneNumber": "1234567890",
                "name": "Kalyan Perla",
                "about": "Hey There! I am using WhatsApp",
                "lastSeen": "",
                "isOnline": "no"
            }
        },
        {
            "0987654321": {
                "phoneNumber": "0987654321",
                "name": "Kumar",
                "about": "Urgent calls only",
                "lastSeen": "",
                "isOnline": "no"
            }
        }
    ]
}